idx	id	difficulty	category	detail	question_en	question_ko
1	prompt-a-1	A	Routine	After Dinner	What do you usually do after dinner?	저녁을 먹고 난 뒤에는 보통 무엇을 하나요?
2	prompt-a-2	A	Preference	Favorite Food	What is your favorite food, and why do you like it?	가장 좋아하는 음식은 무엇이고, 왜 좋아하나요?
3	prompt-a-3	A	Routine	Weekend	How do you usually spend your weekend?	주말은 보통 어떻게 보내나요?
4	prompt-b-1	B	Problem Solving	Work or School Challenge	What is one challenge you often face at work or school, and how do you deal with it?	직장이나 학교에서 자주 겪는 어려움 한 가지와 그에 어떻게 대응하는지 말해 주세요.
5	prompt-b-2	B	Goal Plan	Travel Destination	Describe a city you want to visit and explain what you would like to do there.	가 보고 싶은 도시 하나를 설명하고, 그곳에서 무엇을 하고 싶은지 말해 주세요.
6	prompt-b-3	B	Goal Plan	Habit Building	What is one habit you want to build this year, and why is it important to you?	올해 만들고 싶은 습관 한 가지와 그것이 왜 중요한지 설명해 주세요.
7	prompt-c-1	C	Balanced Opinion	Technology and Relationships	How has technology changed the way people build relationships, and do you think that change is mostly positive?	기술이 사람들이 관계를 맺는 방식을 어떻게 바꾸었고, 그 변화가 대체로 긍정적인지 말해 주세요.
8	prompt-c-2	C	Opinion Reason	Corporate Responsibility	What social responsibilities should successful companies have in modern society?	현대 사회에서 성공한 기업이 어떤 사회적 책임을 가져야 하는지 말해 주세요.
9	prompt-c-3	C	Change Reflection	Personal Belief	Describe a belief you have changed over time and explain what caused that change.	시간이 지나며 바뀐 생각이나 신념 한 가지와, 그 변화가 왜 일어났는지 설명해 주세요.
10	prompt-a-4	A	Routine	After-Work Evenings	What do you usually do after work, and why do you enjoy it?	보통 퇴근 후에 무엇을 하고, 왜 그것을 좋아하는지 이야기해 주세요.
11	prompt-b-5	B	Goal Plan	Skill Growth	What is one skill you want to improve this year, and how will you practice it?	올해 키우고 싶은 능력 한 가지와 그것을 어떻게 연습할지 말해 주세요.
12	prompt-routine-01	A	Routine	Weekday Mornings	How do you usually spend your weekday mornings?	평일 아침은 보통 어떻게 보내나요?
13	prompt-routine-11	A	Routine	Sunday Afternoons	How do you usually spend your Sunday afternoons?	일요일 오후는 보통 어떻게 보내나요?
14	prompt-routine-16	A	Routine	Free Time at Home	How do you usually spend your free time at home?	집에서 보내는 여유 시간은 보통 어떻게 보내나요?
15	prompt-routine-21	A	Routine	The Start of Saturday	How do you usually start your Saturdays?	토요일을 시작하는 방식은 보통 어떻게 보내나요?
16	prompt-preference-06	A	Preference	Movie Genre	What is your favorite movie genre, and why do you like it?	가장 좋아하는 영화 장르는 무엇이고, 왜 좋아하나요?
17	prompt-preference-11	A	Preference	Place to Relax	What is your favorite place to relax, and why do you like it?	편하게 쉬기 좋은 장소는 무엇이고, 왜 좋아하나요?
18	prompt-preference-16	A	Preference	Season	What is your favorite season, and why do you like it?	가장 좋아하는 계절은 무엇이고, 왜 좋아하나요?
19	prompt-preference-21	A	Preference	Music Genre	What is your favorite type of music, and why do you like it?	가장 좋아하는 음악 종류는 무엇이고, 왜 좋아하나요?
20	prompt-goal-11	B	Goal Plan	Health Goal	What is one health goal you want to reach this year, and how will you work toward it?	올해 이루고 싶은 건강 목표 하나는 무엇이고, 어떻게 실천할 건가요?
21	prompt-goal-16	B	Goal Plan	Language Practice	What is one language goal you want to focus on this year, and how will you work toward it?	올해 노력하고 싶은 언어 목표 하나는 무엇이고, 어떻게 실천할 건가요?
22	prompt-goal-21	B	Goal Plan	Confidence Goal	What is one area where you want to build more confidence this year, and how will you work on it?	올해 더 자신감을 키우고 싶은 분야 하나는 무엇이고, 어떻게 실천할 건가요?
23	prompt-problem-01	B	Problem Solving	Time Management	What is one challenge you often face with time management, and how do you handle it?	시간 관리에서 자주 겪는 어려움 하나와 그 대응 방법을 말해 주세요.
24	prompt-problem-06	B	Problem Solving	Staying Motivated	What is one challenge you often face with staying motivated, and how do you handle it?	동기 유지에서 자주 겪는 어려움 하나와 그 대응 방법을 말해 주세요.
25	prompt-problem-11	B	Problem Solving	Public Speaking	What is one challenge you often face with speaking in front of people, and how do you handle it?	사람들 앞에서 말하기에서 자주 겪는 어려움 하나와 그 대응 방법을 말해 주세요.
26	prompt-problem-16	B	Problem Solving	Work-Life Balance	What is one challenge you often face with balancing work and rest, and how do you handle it?	일과 휴식의 균형에서 자주 겪는 어려움 하나와 그 대응 방법을 말해 주세요.
27	prompt-problem-21	B	Problem Solving	Teamwork	What is one challenge you often face with working in a team, and how do you handle it?	팀으로 일하기에서 자주 겪는 어려움 하나와 그 대응 방법을 말해 주세요.
28	prompt-balance-01	C	Balanced Opinion	Social Media	How has social media changed daily life, and do you think the change is mostly positive?	소셜 미디어가 일상을 어떻게 바꿨고, 그 변화가 대체로 긍정적인지 말해 주세요.
29	prompt-balance-06	C	Balanced Opinion	Remote Work	How has remote work changed daily life, and do you think the change is mostly positive?	원격 근무가 일상을 어떻게 바꿨고, 그 변화가 대체로 긍정적인지 말해 주세요.
30	prompt-balance-11	C	Balanced Opinion	AI in Education	How has artificial intelligence in education changed daily life, and do you think the change is mostly positive?	교육에서의 인공지능이 일상을 어떻게 바꿨고, 그 변화가 대체로 긍정적인지 말해 주세요.
31	prompt-balance-16	C	Balanced Opinion	Online Shopping	How has online shopping changed daily life, and do you think the change is mostly positive?	온라인 쇼핑이 일상을 어떻게 바꿨고, 그 변화가 대체로 긍정적인지 말해 주세요.
32	prompt-balance-21	C	Balanced Opinion	Smartphones	How has daily smartphone use changed people's lives, and do you think the change is mostly positive?	일상 속 스마트폰 사용이 일상을 어떻게 바꿨고, 그 변화가 대체로 긍정적인지 말해 주세요.
33	prompt-opinion-06	C	Opinion Reason	Public Transportation	What responsibilities should public transportation in big cities have in modern society?	대도시의 대중교통이 현대 사회에서 어떤 책임을 가져야 하는지 말해 주세요.
34	prompt-opinion-11	C	Opinion Reason	Financial Education	What responsibilities should schools that teach financial skills have in modern society?	학교의 금융 교육이 현대 사회에서 어떤 책임을 가져야 하는지 말해 주세요.
35	prompt-opinion-16	C	Opinion Reason	Local Volunteering	What responsibilities should local volunteering have in modern society?	지역사회 봉사활동이 현대 사회에서 어떤 책임을 가져야 하는지 말해 주세요.
36	prompt-opinion-21	C	Opinion Reason	Platform Responsibility	What responsibilities should social media platforms have in modern society?	소셜 미디어 플랫폼이 현대 사회에서 어떤 책임을 가져야 하는지 말해 주세요.
37	prompt-reflection-01	C	Change Reflection	Success	Describe how your idea of success has changed over time and explain why.	성공에 대한 생각이 시간이 지나며 어떻게 바뀌었는지와 그 이유를 설명해 주세요.
38	prompt-reflection-06	C	Change Reflection	Study Habits	Describe how your study habits have changed over time and explain why.	공부 습관에 대한 생각이 시간이 지나며 어떻게 바뀌었는지와 그 이유를 설명해 주세요.
39	prompt-reflection-11	C	Change Reflection	Social Media	How has your view of social media changed over time, and why?	소셜 미디어에 대한 생각이 시간이 지나며 어떻게 바뀌었는지와 그 이유를 설명해 주세요.
40	prompt-reflection-16	C	Change Reflection	Money	Describe how your opinion about money has changed over time and explain why.	돈에 대한 생각이 시간이 지나며 어떻게 바뀌었는지와 그 이유를 설명해 주세요.
41	prompt-reflection-21	C	Change Reflection	Leadership	Describe how your understanding of leadership has changed over time and explain why.	리더십에 대한 이해가 시간이 지나며 어떻게 바뀌었는지와 그 이유를 설명해 주세요.
42	prompt-general-01	B	General	Useful App	Describe a useful app you use often and explain why it is meaningful to you.	자주 쓰는 유용한 앱을 설명하고, 왜 의미 있는지 말해 주세요.
43	prompt-general-06	B	General	Place in Your Town	Describe a place in your town that you like and explain why it is meaningful to you.	내가 좋아하는 동네의 장소를 설명하고, 왜 의미 있는지 말해 주세요.
44	prompt-general-11	B	General	Teacher or Mentor	Describe a teacher or mentor who influenced you and explain why it is meaningful to you.	영향을 준 선생님이나 멘토를 설명하고, 왜 의미 있는지 말해 주세요.
45	prompt-general-16	B	General	Recommended Hobby	Describe a hobby you would recommend to others and explain why it is meaningful to you.	다른 사람에게 추천하고 싶은 취미를 설명하고, 왜 의미 있는지 말해 주세요.
46	prompt-general-21	B	General	Meaningful Memory	Describe a memory that still matters to you and explain why it is meaningful to you.	지금도 의미 있는 기억을 설명하고, 왜 의미 있는지 말해 주세요.
47	prompt-routine-26	A	Routine	Before Bed	What do you usually do before bed?	잠들기 전 시간은 보통 어떻게 보내나요?
48	prompt-routine-31	A	Routine	On My Commute	What do you usually do during your commute?	출퇴근길에 시간은 보통 어떻게 보내나요?
49	prompt-routine-36	A	Routine	Lunch Break	How do you usually spend your lunch break?	점심시간에는 시간은 보통 어떻게 보내나요?
50	prompt-routine-41	A	Routine	Rainy Day at Home	What do you usually do on rainy days at home?	비 오는 날 집에 있을 때 시간은 보통 어떻게 보내나요?
51	prompt-routine-46	A	Routine	After Waking Up	What do you usually do right after you wake up?	막 일어난 직후에는 시간은 보통 어떻게 보내나요?
52	prompt-preference-26	A	Preference	Cafe Drink	What is your favorite cafe drink, and why do you like it?	가장 좋아하는 카페 음료는 무엇이고, 왜 좋아하나요?
53	prompt-preference-31	A	Preference	Book Genre	What is your favorite book genre, and why do you like it?	가장 좋아하는 책 장르는 무엇이고, 왜 좋아하나요?
54	prompt-preference-36	A	Preference	Dessert	What is your favorite dessert, and why do you like it?	가장 좋아하는 디저트는 무엇이고, 왜 좋아하나요?
55	prompt-preference-41	A	Preference	Way to Exercise	What is your favorite way to exercise, and why do you like it?	가장 좋아하는 운동 방식는 무엇이고, 왜 좋아하나요?
56	prompt-preference-46	A	Preference	Study Spot	What is your favorite study spot, and why do you like it?	가장 좋아하는 공부 장소는 무엇이고, 왜 좋아하나요?
57	prompt-goal-26	B	Goal Plan	Career Skill	What is one career skill you want to build this year, and how will you work toward it?	올해 키우고 싶은 커리어 역량 한 가지는 무엇이고, 어떻게 노력할 건가요?
58	prompt-goal-31	B	Goal Plan	Reading Habit	What is one reading habit you want to build this year, and how will you work toward it?	올해 만들고 싶은 독서 습관 한 가지는 무엇이고, 어떻게 노력할 건가요?
59	prompt-goal-36	B	Goal Plan	Savings Goal	What is one savings goal you want to reach this year, and how will you work toward it?	올해 이루고 싶은 저축 목표 한 가지는 무엇이고, 어떻게 노력할 건가요?
60	prompt-goal-41	B	Goal Plan	Fitness Routine	What is one fitness routine you want to keep this year, and how will you work toward it?	올해 유지하고 싶은 운동 루틴 한 가지는 무엇이고, 어떻게 노력할 건가요?
61	prompt-goal-46	B	Goal Plan	Creative Project	What is one creative project you want to finish this year, and how will you work toward it?	올해 끝내고 싶은 창작 프로젝트 한 가지는 무엇이고, 어떻게 노력할 건가요?
62	prompt-problem-26	B	Problem Solving	Decision Making	What is one challenge you often face when making decisions quickly, and how do you handle it?	빨리 결정을 내려야 할 때할 때 자주 겪는 어려움 한 가지와 그 대처 방법을 말해 주세요.
63	prompt-problem-31	B	Problem Solving	Group Projects	What is one challenge you often face when working on group projects, and how do you handle it?	조별 과제나 팀 프로젝트를 할 때할 때 자주 겪는 어려움 한 가지와 그 대처 방법을 말해 주세요.
64	prompt-problem-36	B	Problem Solving	Staying Focused	What is one challenge you often face when trying to stay focused, and how do you handle it?	집중을 유지하려고 할 때할 때 자주 겪는 어려움 한 가지와 그 대처 방법을 말해 주세요.
65	prompt-problem-41	B	Problem Solving	Unexpected Changes	What is one challenge you often face when dealing with unexpected changes, and how do you handle it?	예상치 못한 변화에 대응할 때할 때 자주 겪는 어려움 한 가지와 그 대처 방법을 말해 주세요.
66	prompt-problem-46	B	Problem Solving	Overthinking	What is one challenge you often face when overthinking small mistakes, and how do you handle it?	작은 실수를 지나치게 곱씹을 때할 때 자주 겪는 어려움 한 가지와 그 대처 방법을 말해 주세요.
67	prompt-balance-26	C	Balanced Opinion	Cashless Payments	What are the benefits and drawbacks of cashless payments, and what is your view?	현금 없는 결제 방식의 장점과 단점은 무엇이며, 당신의 생각은 어떤가요?
68	prompt-balance-31	C	Balanced Opinion	Short-Form Videos	What are the benefits and drawbacks of short-form videos, and what is your view?	숏폼 영상의 장점과 단점은 무엇이며, 당신의 생각은 어떤가요?
69	prompt-balance-36	C	Balanced Opinion	Food Delivery Apps	What are the benefits and drawbacks of food delivery apps, and what is your view?	배달 앱의 장점과 단점은 무엇이며, 당신의 생각은 어떤가요?
70	prompt-balance-41	C	Balanced Opinion	Online Reviews	What are the benefits and drawbacks of online reviews, and what is your view?	온라인 후기의 장점과 단점은 무엇이며, 당신의 생각은 어떤가요?
71	prompt-balance-46	C	Balanced Opinion	Wearable Devices	What are the benefits and drawbacks of wearable devices, and what is your view?	웨어러블 기기의 장점과 단점은 무엇이며, 당신의 생각은 어떤가요?
72	prompt-opinion-26	C	Opinion Reason	Public Libraries	What role should public libraries play in modern society?	공공도서관이 현대 사회에서 어떤 역할을 해야 하는지 말해 주세요.
73	prompt-opinion-31	C	Opinion Reason	School Uniforms	What role should school uniforms in public schools play in modern society?	공립학교 교복이 현대 사회에서 어떤 역할을 해야 하는지 말해 주세요.
74	prompt-opinion-36	C	Opinion Reason	Recycling Programs	What role should recycling programs play in modern society?	재활용 프로그램이 현대 사회에서 어떤 역할을 해야 하는지 말해 주세요.
75	prompt-opinion-41	C	Opinion Reason	Teenagers' Part-Time Jobs	What role should part-time jobs for teenagers play in modern society?	청소년의 아르바이트이 현대 사회에서 어떤 역할을 해야 하는지 말해 주세요.
76	prompt-opinion-46	C	Opinion Reason	Community Arts Programs	What role should community arts programs play in modern society?	지역 예술 프로그램이 현대 사회에서 어떤 역할을 해야 하는지 말해 주세요.
77	prompt-reflection-26	C	Change Reflection	Friendship	Describe how your view of friendship has changed over time.	우정에 대한 생각이 시간이 지나며 어떻게 바뀌었는지 설명해 주세요.
78	prompt-reflection-31	C	Change Reflection	Healthy Eating	Describe how your view of healthy eating has changed over time.	건강한 식습관에 대한 생각이 시간이 지나며 어떻게 바뀌었는지 설명해 주세요.
79	prompt-reflection-36	C	Change Reflection	News Consumption	Describe how your view of news consumption has changed over time.	뉴스를 보는 방식에 대한 생각이 시간이 지나며 어떻게 바뀌었는지 설명해 주세요.
80	prompt-reflection-41	C	Change Reflection	Travel	Describe how your view of travel has changed over time.	여행에 대한 생각이 시간이 지나며 어떻게 바뀌었는지 설명해 주세요.
81	prompt-reflection-46	C	Change Reflection	Failure	Describe how your view of failure has changed over time.	실패에 대한 생각이 시간이 지나며 어떻게 바뀌었는지 설명해 주세요.
82	prompt-general-26	B	General	Favorite Small Shop	Describe small shop you like and explain why it matters to you.	좋아하는 작은 가게를 설명하고 왜 중요하게 느끼는지 말해 주세요.
83	prompt-general-31	B	General	Useful Website	Describe website you find useful and explain why it matters to you.	유용하게 쓰는 웹사이트를 설명하고 왜 중요하게 느끼는지 말해 주세요.
84	prompt-general-36	B	General	Family Tradition	Describe family tradition you value and explain why it matters to you.	소중하게 여기는 가족 전통를 설명하고 왜 중요하게 느끼는지 말해 주세요.
85	prompt-general-41	B	General	Place to Walk	Describe place where you like to walk and explain why it matters to you.	걷기 좋아하는 장소를 설명하고 왜 중요하게 느끼는지 말해 주세요.
86	prompt-general-46	B	General	Household Item	Describe household item you use often and explain why it matters to you.	자주 쓰는 생활용품를 설명하고 왜 중요하게 느끼는지 말해 주세요.
87	prompt-routine-1101	A	Routine	Laundry Day at Home	What do you usually do on laundry day at home, and which part of that routine helps you the most?	집에서 빨래하는 날 보통 무엇을 하고, 그 루틴에서 가장 도움이 되는 부분이 무엇인지 설명해 주세요.
88	prompt-routine-1102	A	Routine	Before an Early Appointment	What do you usually do before an early appointment, and why does that routine work well for you?	이른 약속이 있기 전 보통 어떻게 보내는지, 그리고 그 루틴이 왜 잘 맞는지 설명해 주세요.
89	prompt-routine-1103	A	Routine	After Grocery Shopping	After grocery shopping, what do you usually do, and why?	장을 보고 돌아온 뒤 보통 무엇을 하는지, 그리고 왜 그렇게 하는지 말해 주세요.
90	prompt-routine-1104	A	Routine	While Waiting for Class	What do you usually do while waiting for class to begin, and which part of that routine helps you the most?	수업이 시작되길 기다릴 때 보통 무엇을 하고, 그 루틴에서 가장 도움이 되는 부분이 무엇인지 설명해 주세요.
91	prompt-routine-1105	A	Routine	Your First Hour at Work	What do you usually do during your first hour at work, and why does that routine work well for you?	출근 후 첫 한 시간 동안 보통 어떻게 보내는지, 그리고 그 루틴이 왜 잘 맞는지 설명해 주세요.
92	prompt-routine-1106	A	Routine	Quiet Sunday Evening	On a quiet Sunday evening, what do you usually do, and why?	조용한 일요일 저녁에 보통 무엇을 하는지, 그리고 왜 그렇게 하는지 말해 주세요.
93	prompt-routine-1107	A	Routine	Before Meeting Friends	What do you usually do before meeting friends for dinner, and which part of that routine helps you the most?	친구들과 저녁 약속 전에 보통 무엇을 하고, 그 루틴에서 가장 도움이 되는 부분이 무엇인지 설명해 주세요.
94	prompt-routine-1108	A	Routine	After a Workout	What do you usually do after finishing a workout, and why does that routine work well for you?	운동을 마친 뒤 보통 어떻게 보내는지, 그리고 그 루틴이 왜 잘 맞는지 설명해 주세요.
95	prompt-routine-1109	A	Routine	Long Train Ride	During a long train ride, what do you usually do, and why?	긴 기차 이동 중에 보통 무엇을 하는지, 그리고 왜 그렇게 하는지 말해 주세요.
96	prompt-routine-1110	A	Routine	Indoor Rest Day	What do you usually do on a day when you stay indoors, and which part of that routine helps you the most?	집에서 쉬는 날 보통 무엇을 하고, 그 루틴에서 가장 도움이 되는 부분이 무엇인지 설명해 주세요.
97	prompt-routine-1111	A	Routine	Exam Preparation Breaks	What do you usually do while preparing for an exam, and why does that routine work well for you?	시험을 준비할 때 보통 어떻게 보내는지, 그리고 그 루틴이 왜 잘 맞는지 설명해 주세요.
98	prompt-routine-1112	A	Routine	After a Late Lunch	After a late lunch, what do you usually do, and why?	늦은 점심을 먹은 뒤 보통 무엇을 하는지, 그리고 왜 그렇게 하는지 말해 주세요.
99	prompt-routine-1113	A	Routine	Room Cleaning Time	What do you usually do when you clean your room, and which part of that routine helps you the most?	방을 청소할 때 보통 무엇을 하고, 그 루틴에서 가장 도움이 되는 부분이 무엇인지 설명해 주세요.
100	prompt-routine-1114	A	Routine	Friday Night at Home	What do you usually do on Friday night at home, and why does that routine work well for you?	금요일 밤 집에서 보통 어떻게 보내는지, 그리고 그 루틴이 왜 잘 맞는지 설명해 주세요.
101	prompt-routine-1115	A	Routine	Before a Family Outing	Before a family outing, what do you usually do, and why?	가족과 외출하기 전에 보통 무엇을 하는지, 그리고 왜 그렇게 하는지 말해 주세요.
102	prompt-routine-1116	A	Routine	Weekend Evening	What do you usually do on weekend evenings, and which part of that routine helps you the most?	주말 저녁 시간에 보통 무엇을 하고, 그 루틴에서 가장 도움이 되는 부분이 무엇인지 설명해 주세요.
103	prompt-routine-1117	A	Routine	Arriving Too Early	What do you usually do when you arrive somewhere too early, and why does that routine work well for you?	어딘가에 너무 일찍 도착했을 때 보통 어떻게 보내는지, 그리고 그 루틴이 왜 잘 맞는지 설명해 주세요.
104	prompt-routine-1118	A	Routine	After a Shopping Trip	After a shopping trip, what do you usually do, and why?	쇼핑을 마치고 돌아온 뒤 보통 무엇을 하는지, 그리고 왜 그렇게 하는지 말해 주세요.
105	prompt-routine-1119	A	Routine	Before Leaving for School	What do you usually do before leaving for school, and which part of that routine helps you the most?	학교에 가기 전에 보통 무엇을 하고, 그 루틴에서 가장 도움이 되는 부분이 무엇인지 설명해 주세요.
106	prompt-routine-1120	A	Routine	Solo Subway Ride	What do you usually do while riding the subway alone, and why does that routine work well for you?	혼자 지하철을 탈 때 보통 어떻게 보내는지, 그리고 그 루틴이 왜 잘 맞는지 설명해 주세요.
107	prompt-routine-1121	A	Routine	After Household Chores	After finishing your household chores, what do you usually do, and why?	집안일을 끝낸 뒤 보통 무엇을 하는지, 그리고 왜 그렇게 하는지 말해 주세요.
108	prompt-routine-1122	A	Routine	Rainy Morning Indoors	What do you usually do on a rainy morning indoors, and which part of that routine helps you the most?	비 오는 아침 집 안에서 보통 무엇을 하고, 그 루틴에서 가장 도움이 되는 부분이 무엇인지 설명해 주세요.
109	prompt-routine-1123	A	Routine	Before a Side Project	What do you usually do before starting a side project, and why does that routine work well for you?	개인 프로젝트를 시작하기 전에 보통 어떻게 보내는지, 그리고 그 루틴이 왜 잘 맞는지 설명해 주세요.
110	prompt-routine-1124	A	Routine	Waiting at the Airport	While waiting at the airport, what do you usually do, and why?	공항에서 기다릴 때 보통 무엇을 하는지, 그리고 왜 그렇게 하는지 말해 주세요.
111	prompt-routine-1125	A	Routine	After a Short Nap	What do you usually do after taking a short nap, and which part of that routine helps you the most?	짧게 낮잠을 잔 뒤 보통 무엇을 하고, 그 루틴에서 가장 도움이 되는 부분이 무엇인지 설명해 주세요.
112	prompt-routine-1126	A	Routine	Campus Break Time	What do you usually do during a break on campus, and why does that routine work well for you?	캠퍼스에서 쉬는 시간에 보통 어떻게 보내는지, 그리고 그 루틴이 왜 잘 맞는지 설명해 주세요.
113	prompt-routine-1127	A	Routine	Before Recording a Video	Before recording a video for yourself or class, what do you usually do, and why?	수업이나 개인용 영상을 찍기 전에 보통 무엇을 하는지, 그리고 왜 그렇게 하는지 말해 주세요.
114	prompt-preference-1101	A	Preference	Weekday Breakfast Menu	What is your favorite weekday breakfast, and why do you like it?	평일 아침 메뉴 중에서 가장 좋아하는 것을 소개하고, 왜 즐기는지 설명해 주세요.
115	prompt-preference-1102	A	Preference	Summer Fruit	Tell me about your favorite summer fruit and explain why you like it so much.	가장 좋아하는 여름에 먹는 과일에 대해 말하고, 계속 그것을 고르는 이유를 설명해 주세요.
116	prompt-preference-1103	A	Preference	Rainy Day Drink	Describe your favorite rainy-day drink and explain what you like most about it.	가장 좋아하는 비 오는 날 마시는 음료을 설명하고, 그중 무엇을 가장 좋아하는지 말해 주세요.
117	prompt-preference-1104	A	Preference	Phone Case Style	What is your favorite phone case style, and why do you like it?	휴대폰 케이스 스타일 중에서 가장 좋아하는 것을 소개하고, 왜 즐기는지 설명해 주세요.
118	prompt-preference-1105	A	Preference	Notebook Type	Tell me about your favorite notebook type and explain why you like it so much.	가장 좋아하는 좋아하는 노트 종류에 대해 말하고, 계속 그것을 고르는 이유를 설명해 주세요.
119	prompt-preference-1106	A	Preference	Place to Read	Describe your favorite place to read and explain what you like most about it.	가장 좋아하는 책 읽기 좋은 장소을 설명하고, 그중 무엇을 가장 좋아하는지 말해 주세요.
120	prompt-preference-1107	A	Preference	Kind of Soup	What is your favorite kind of soup, and why do you like it?	좋아하는 수프 종류 중에서 가장 좋아하는 것을 소개하고, 왜 즐기는지 설명해 주세요.
121	prompt-preference-1108	A	Preference	Type of Bag	Tell me about your favorite type of bag and explain why you like it so much.	가장 좋아하는 자주 드는 가방 종류에 대해 말하고, 계속 그것을 고르는 이유를 설명해 주세요.
122	prompt-preference-1109	A	Preference	Board Game	Describe your favorite board game and explain what you like most about it.	가장 좋아하는 좋아하는 보드게임을 설명하고, 그중 무엇을 가장 좋아하는지 말해 주세요.
123	prompt-preference-1110	A	Preference	Way to Study Vocabulary	What is your favorite way to study vocabulary, and why do you like it?	단어 공부하는 방식 중에서 가장 좋아하는 것을 소개하고, 왜 즐기는지 설명해 주세요.
124	prompt-preference-1111	A	Preference	Flower Scent	Tell me about your favorite flower scent and explain why you like it so much.	가장 좋아하는 좋아하는 꽃 향에 대해 말하고, 계속 그것을 고르는 이유를 설명해 주세요.
125	prompt-preference-1112	A	Preference	Seat on the Bus	Describe your favorite seat on the bus and explain what you like most about it.	가장 좋아하는 버스에서 선호하는 자리을 설명하고, 그중 무엇을 가장 좋아하는지 말해 주세요.
126	prompt-preference-1113	A	Preference	Weather for Walking	What is your favorite kind of weather for walking, and why do you like it?	산책하기 좋은 날씨 중에서 가장 좋아하는 것을 소개하고, 왜 즐기는지 설명해 주세요.
127	prompt-preference-1114	A	Preference	Type of Sandwich	Tell me about your favorite type of sandwich and explain why you like it so much.	가장 좋아하는 좋아하는 샌드위치 종류에 대해 말하고, 계속 그것을 고르는 이유를 설명해 주세요.
128	prompt-preference-1115	A	Preference	Kitchen Tool	Describe your favorite kitchen tool and explain what you like most about it.	가장 좋아하는 가장 자주 쓰는 주방 도구을 설명하고, 그중 무엇을 가장 좋아하는지 말해 주세요.
129	prompt-preference-1116	A	Preference	Exercise Class	What is your favorite kind of exercise class, and why do you like it?	좋아하는 운동 수업 형태 중에서 가장 좋아하는 것을 소개하고, 왜 즐기는지 설명해 주세요.
130	prompt-preference-1117	A	Preference	Online Creator	Tell me about your favorite online creator and explain why you like it so much.	가장 좋아하는 자주 보는 온라인 크리에이터에 대해 말하고, 계속 그것을 고르는 이유를 설명해 주세요.
131	prompt-preference-1118	A	Preference	Break Time Snack	Describe your favorite snack for work or study breaks and explain what you like most about it.	가장 좋아하는 쉬는 시간에 먹는 간식을 설명하고, 그중 무엇을 가장 좋아하는지 말해 주세요.
132	prompt-preference-1119	A	Preference	Type of Pen	What is your favorite type of pen, and why do you like it?	좋아하는 펜 종류 중에서 가장 좋아하는 것을 소개하고, 왜 즐기는지 설명해 주세요.
133	prompt-preference-1120	A	Preference	Bakery Item	Tell me about your favorite bakery item and explain why you like it so much.	가장 좋아하는 베이커리에서 가장 좋아하는 메뉴에 대해 말하고, 계속 그것을 고르는 이유를 설명해 주세요.
134	prompt-preference-1121	A	Preference	Movie Snack	Describe your favorite movie snack and explain what you like most about it.	가장 좋아하는 영화 볼 때 먹는 간식을 설명하고, 그중 무엇을 가장 좋아하는지 말해 주세요.
135	prompt-preference-1122	A	Preference	Travel Souvenir	What is your favorite travel souvenir, and why do you like it?	좋아하는 여행 기념품 중에서 가장 좋아하는 것을 소개하고, 왜 즐기는지 설명해 주세요.
136	prompt-preference-1123	A	Preference	Candle Scent	Tell me about your favorite candle scent and explain why you like it so much.	가장 좋아하는 좋아하는 캔들 향에 대해 말하고, 계속 그것을 고르는 이유를 설명해 주세요.
137	prompt-preference-1124	A	Preference	Way to Organize Photos	Describe your favorite way to organize photos and explain what you like most about it.	가장 좋아하는 사진 정리하는 방식을 설명하고, 그중 무엇을 가장 좋아하는지 말해 주세요.
138	prompt-preference-1125	A	Preference	Kind of Tea	What is your favorite kind of tea, and why do you like it?	좋아하는 차 종류 중에서 가장 좋아하는 것을 소개하고, 왜 즐기는지 설명해 주세요.
139	prompt-preference-1126	A	Preference	Light Jacket	Tell me about your favorite light jacket and explain why you like it so much.	가장 좋아하는 좋아하는 가벼운 겉옷에 대해 말하고, 계속 그것을 고르는 이유를 설명해 주세요.
140	prompt-goal-1101	B	Goal Plan	Sleep Schedule	What is one goal you have for improving your sleep schedule this year, and how will you work toward it?	올해 수면 습관을 더 일정하게 만드는 것와 관련해 이루고 싶은 목표 한 가지와, 그것을 위해 어떻게 노력할지 설명해 주세요.
141	prompt-goal-1102	B	Goal Plan	Daily Journal	Describe one plan you have for keeping a daily journal this year and explain how you will stay consistent.	올해 매일 짧게 일기를 쓰는 것와 관련해 세운 계획 한 가지와, 어떻게 꾸준히 이어 갈지 설명해 주세요.
142	prompt-goal-1103	B	Goal Plan	Simple Cooking	What do you want to improve about learning to cook simple meals this year, and what steps will you take?	올해 간단한 요리를 스스로 할 수 있게 되는 것와 관련해 무엇을 더 잘하고 싶은지, 그리고 어떤 단계를 밟을지 말해 주세요.
143	prompt-goal-1104	B	Goal Plan	Digital File Organization	What is one goal you have for organizing your digital files this year, and how will you work toward it?	올해 디지털 파일을 정리하는 것와 관련해 이루고 싶은 목표 한 가지와, 그것을 위해 어떻게 노력할지 설명해 주세요.
144	prompt-goal-1105	B	Goal Plan	Meeting Confidence	Describe one plan you have for speaking more confidently in meetings this year and explain how you will stay consistent.	올해 회의에서 더 자신 있게 말하는 것와 관련해 세운 계획 한 가지와, 어떻게 꾸준히 이어 갈지 설명해 주세요.
145	prompt-goal-1106	B	Goal Plan	Night Screen Limit	What do you want to improve about limiting screen time at night this year, and what steps will you take?	올해 밤에 화면 보는 시간을 줄이는 것와 관련해 무엇을 더 잘하고 싶은지, 그리고 어떤 단계를 밟을지 말해 주세요.
146	prompt-goal-1107	B	Goal Plan	Photography Practice	What is one goal you have for practicing photography regularly this year, and how will you work toward it?	올해 사진 촬영을 꾸준히 연습하는 것와 관련해 이루고 싶은 목표 한 가지와, 그것을 위해 어떻게 노력할지 설명해 주세요.
147	prompt-goal-1108	B	Goal Plan	Meal Prep Habit	Describe one plan you have for preparing weekly meals in advance this year and explain how you will stay consistent.	올해 주간 식사를 미리 준비하는 것와 관련해 세운 계획 한 가지와, 어떻게 꾸준히 이어 갈지 설명해 주세요.
148	prompt-goal-1109	B	Goal Plan	Long Article Reading	What do you want to improve about reading one long article each week this year, and what steps will you take?	올해 매주 긴 글 한 편을 읽는 것와 관련해 무엇을 더 잘하고 싶은지, 그리고 어떤 단계를 밟을지 말해 주세요.
149	prompt-goal-1110	B	Goal Plan	Stretching Habit	What is one goal you have for building a better stretching habit this year, and how will you work toward it?	올해 스트레칭 습관을 만드는 것와 관련해 이루고 싶은 목표 한 가지와, 그것을 위해 어떻게 노력할지 설명해 주세요.
150	prompt-goal-1111	B	Goal Plan	Note Taking System	Describe one plan you have for improving your note-taking system this year and explain how you will stay consistent.	올해 노트 정리 방식을 개선하는 것와 관련해 세운 계획 한 가지와, 어떻게 꾸준히 이어 갈지 설명해 주세요.
151	prompt-goal-1112	B	Goal Plan	On Time Housework	What do you want to improve about finishing household tasks on time this year, and what steps will you take?	올해 집안일을 제때 끝내는 것와 관련해 무엇을 더 잘하고 싶은지, 그리고 어떤 단계를 밟을지 말해 주세요.
152	prompt-goal-1113	B	Goal Plan	Calmer Mornings	What is one goal you have for making your mornings calmer this year, and how will you work toward it?	올해 아침 시간을 더 차분하게 보내는 것와 관련해 이루고 싶은 목표 한 가지와, 그것을 위해 어떻게 노력할지 설명해 주세요.
153	prompt-goal-1114	B	Goal Plan	Clearer Questions	Describe one plan you have for asking clearer questions in class this year and explain how you will stay consistent.	올해 수업에서 더 분명하게 질문하는 것와 관련해 세운 계획 한 가지와, 어떻게 꾸준히 이어 갈지 설명해 주세요.
154	prompt-goal-1115	B	Goal Plan	Basic Design Skill	What do you want to improve about learning basic design skills this year, and what steps will you take?	올해 기초 디자인 감각을 익히는 것와 관련해 무엇을 더 잘하고 싶은지, 그리고 어떤 단계를 밟을지 말해 주세요.
155	prompt-goal-1116	B	Goal Plan	Reduce Food Waste	What is one goal you have for reducing food waste at home this year, and how will you work toward it?	올해 집에서 음식 낭비를 줄이는 것와 관련해 이루고 싶은 목표 한 가지와, 그것을 위해 어떻게 노력할지 설명해 주세요.
156	prompt-goal-1117	B	Goal Plan	Weekly Review Habit	Describe one plan you have for building a habit of reviewing your week this year and explain how you will stay consistent.	올해 한 주를 돌아보는 습관을 만드는 것와 관련해 세운 계획 한 가지와, 어떻게 꾸준히 이어 갈지 설명해 주세요.
157	prompt-goal-1118	B	Goal Plan	Map Reading Skill	What do you want to improve about becoming better at map reading this year, and what steps will you take?	올해 지도를 더 잘 읽는 것와 관련해 무엇을 더 잘하고 싶은지, 그리고 어떤 단계를 밟을지 말해 주세요.
158	prompt-goal-1119	B	Goal Plan	Weekend Reset Routine	What is one goal you have for building a weekend reset routine this year, and how will you work toward it?	올해 주말 리셋 루틴을 만드는 것와 관련해 이루고 싶은 목표 한 가지와, 그것을 위해 어떻게 노력할지 설명해 주세요.
159	prompt-goal-1120	B	Goal Plan	Simple Repair Skills	Describe one plan you have for learning simple repair skills this year and explain how you will stay consistent.	올해 간단한 수리 기술을 익히는 것와 관련해 세운 계획 한 가지와, 어떻게 꾸준히 이어 갈지 설명해 주세요.
160	prompt-goal-1121	B	Goal Plan	Clear Desk Habit	What do you want to improve about keeping your desk clear this year, and what steps will you take?	올해 책상을 늘 정돈된 상태로 유지하는 것와 관련해 무엇을 더 잘하고 싶은지, 그리고 어떤 단계를 밟을지 말해 주세요.
161	prompt-goal-1122	B	Goal Plan	Remembering Names	What is one goal you have for remembering names more easily this year, and how will you work toward it?	올해 사람 이름을 더 잘 기억하는 것와 관련해 이루고 싶은 목표 한 가지와, 그것을 위해 어떻게 노력할지 설명해 주세요.
162	prompt-goal-1123	B	Goal Plan	Listening Patience	Describe one plan you have for improving your listening patience this year and explain how you will stay consistent.	올해 상대 말을 끝까지 듣는 습관을 기르는 것와 관련해 세운 계획 한 가지와, 어떻게 꾸준히 이어 갈지 설명해 주세요.
163	prompt-goal-1124	B	Goal Plan	Plant Care	What do you want to improve about taking better care of plants this year, and what steps will you take?	올해 식물을 더 잘 돌보는 것와 관련해 무엇을 더 잘하고 싶은지, 그리고 어떤 단계를 밟을지 말해 주세요.
164	prompt-goal-1125	B	Goal Plan	Using Small Pockets of Time	What is one goal you have for making better use of small pockets of time this year, and how will you work toward it?	올해 짧은 자투리 시간을 더 잘 활용하는 것와 관련해 이루고 싶은 목표 한 가지와, 그것을 위해 어떻게 노력할지 설명해 주세요.
165	prompt-goal-1126	B	Goal Plan	Realistic To Do Lists	Describe one plan you have for planning more realistic to-do lists this year and explain how you will stay consistent.	올해 더 현실적인 할 일 목록을 세우는 것와 관련해 세운 계획 한 가지와, 어떻게 꾸준히 이어 갈지 설명해 주세요.
166	prompt-goal-1127	B	Goal Plan	Rest Without Guilt	What do you want to improve about learning to rest without guilt this year, and what steps will you take?	올해 죄책감 없이 쉬는 법을 배우는 것와 관련해 무엇을 더 잘하고 싶은지, 그리고 어떤 단계를 밟을지 말해 주세요.
167	prompt-problem-1101	B	Problem Solving	Noisy Places	What is one challenge you often face with dealing with noisy places, and how do you handle it?	시끄러운 환경을 견디는 것 때문에 어려움을 느낄 때가 있다면, 보통 어떻게 해결하는지 설명해 주세요.
168	prompt-problem-1102	B	Problem Solving	Inbox Control	Describe a problem you sometimes have with keeping your inbox under control and explain what you do about it.	메일함을 정리하는 것 때문에 생기는 문제 한 가지를 설명하고, 어떻게 대처하는지 말해 주세요.
169	prompt-problem-1103	B	Problem Solving	Asking When Confused	When asking questions when confused becomes difficult, what do you usually do to manage it?	헷갈릴 때 질문하는 것이(가) 특히 어렵게 느껴질 때, 보통 어떻게 관리하는지 설명해 주세요.
170	prompt-problem-1104	B	Problem Solving	Recovering After a Bad Day	What is one challenge you often face with recovering after a bad day, and how do you handle it?	기분이 좋지 않은 날 다시 회복하는 것 때문에 어려움을 느낄 때가 있다면, 보통 어떻게 해결하는지 설명해 주세요.
171	prompt-problem-1105	B	Problem Solving	Choosing What Comes First	Describe a problem you sometimes have with choosing what to do first and explain what you do about it.	무엇부터 할지 정하는 것 때문에 생기는 문제 한 가지를 설명하고, 어떻게 대처하는지 말해 주세요.
172	prompt-problem-1106	B	Problem Solving	Starting Small Tasks	When starting small tasks right away becomes difficult, what do you usually do to manage it?	작은 일을 바로 시작하는 것이(가) 특히 어렵게 느껴질 때, 보통 어떻게 관리하는지 설명해 주세요.
173	prompt-problem-1107	B	Problem Solving	Speaking While Nervous	What is one challenge you often face with speaking when you feel nervous, and how do you handle it?	긴장할 때 말하는 것 때문에 어려움을 느낄 때가 있다면, 보통 어떻게 해결하는지 설명해 주세요.
174	prompt-problem-1108	B	Problem Solving	Commuting Delays	Describe a problem you sometimes have with handling commuting delays and explain what you do about it.	이동 지연에 대처하는 것 때문에 생기는 문제 한 가지를 설명하고, 어떻게 대처하는지 말해 주세요.
175	prompt-problem-1109	B	Problem Solving	Too Many Open Tabs	When managing too many open tabs becomes difficult, what do you usually do to manage it?	열린 화면이 너무 많을 때 정리하는 것이(가) 특히 어렵게 느껴질 때, 보통 어떻게 관리하는지 설명해 주세요.
176	prompt-problem-1110	B	Problem Solving	Remembering Peoples Names	What is one challenge you often face with remembering people's names, and how do you handle it?	사람 이름을 기억하는 것 때문에 어려움을 느낄 때가 있다면, 보통 어떻게 해결하는지 설명해 주세요.
177	prompt-problem-1111	B	Problem Solving	Staying Calm During Conflict	Describe a problem you sometimes have with staying calm during conflict and explain what you do about it.	갈등 상황에서 침착함을 유지하는 것 때문에 생기는 문제 한 가지를 설명하고, 어떻게 대처하는지 말해 주세요.
178	prompt-problem-1112	B	Problem Solving	Minor Tech Issues	When fixing minor tech issues becomes difficult, what do you usually do to manage it?	사소한 기기 문제를 해결하는 것이(가) 특히 어렵게 느껴질 때, 보통 어떻게 관리하는지 설명해 주세요.
179	prompt-problem-1113	B	Problem Solving	Sharing Unfinished Work	What is one challenge you often face with sharing unfinished work early, and how do you handle it?	덜 끝난 작업을 먼저 공유하는 것 때문에 어려움을 느낄 때가 있다면, 보통 어떻게 해결하는지 설명해 주세요.
180	prompt-problem-1114	B	Problem Solving	Sleepy Morning	Describe a problem you sometimes have with getting through a sleepy morning and explain what you do about it.	졸린 아침을 버티는 것 때문에 생기는 문제 한 가지를 설명하고, 어떻게 대처하는지 말해 주세요.
181	prompt-problem-1115	B	Problem Solving	Overplanning the Weekend	When avoiding overplanning your weekend becomes difficult, what do you usually do to manage it?	주말 계획을 과하게 세우지 않는 것이(가) 특히 어렵게 느껴질 때, 보통 어떻게 관리하는지 설명해 주세요.
182	prompt-problem-1116	B	Problem Solving	Handling Slow Progress	What is one challenge you often face with handling slow progress, and how do you handle it?	진도가 느릴 때 버티는 것 때문에 어려움을 느낄 때가 있다면, 보통 어떻게 해결하는지 설명해 주세요.
183	prompt-problem-1117	B	Problem Solving	Comparison With Others	Describe a problem you sometimes have with not comparing yourself to others and explain what you do about it.	남과 비교하지 않는 것 때문에 생기는 문제 한 가지를 설명하고, 어떻게 대처하는지 말해 주세요.
184	prompt-problem-1118	B	Problem Solving	Balancing Hobbies and Chores	When balancing hobbies and chores becomes difficult, what do you usually do to manage it?	취미와 집안일의 균형을 잡는 것이(가) 특히 어렵게 느껴질 때, 보통 어떻게 관리하는지 설명해 주세요.
185	prompt-problem-1119	B	Problem Solving	Saying No Politely	What is one challenge you often face with saying no politely, and how do you handle it?	정중하게 거절하는 것 때문에 어려움을 느낄 때가 있다면, 보통 어떻게 해결하는지 설명해 주세요.
186	prompt-problem-1120	B	Problem Solving	Restarting a Routine	Describe a problem you sometimes have with restarting after missing a routine and explain what you do about it.	루틴을 놓친 뒤 다시 시작하는 것 때문에 생기는 문제 한 가지를 설명하고, 어떻게 대처하는지 말해 주세요.
187	prompt-problem-1121	B	Problem Solving	Reading Long Articles	When reading long articles without losing focus becomes difficult, what do you usually do to manage it?	긴 글을 끝까지 읽는 것이(가) 특히 어렵게 느껴질 때, 보통 어떻게 관리하는지 설명해 주세요.
188	prompt-problem-1122	B	Problem Solving	Keeping a Desk Organized	What is one challenge you often face with keeping your desk organized, and how do you handle it?	책상을 정리된 상태로 두는 것 때문에 어려움을 느낄 때가 있다면, 보통 어떻게 해결하는지 설명해 주세요.
189	prompt-problem-1123	B	Problem Solving	Crowded Spaces	Describe a problem you sometimes have with dealing with crowded spaces and explain what you do about it.	붐비는 공간에서 지내는 것 때문에 생기는 문제 한 가지를 설명하고, 어떻게 대처하는지 말해 주세요.
190	prompt-problem-1124	B	Problem Solving	Distracting Messages	When ignoring distracting messages becomes difficult, what do you usually do to manage it?	방해되는 메시지를 무시하는 것이(가) 특히 어렵게 느껴질 때, 보통 어떻게 관리하는지 설명해 주세요.
191	prompt-problem-1125	B	Problem Solving	Summarizing Ideas Clearly	What is one challenge you often face with summarizing your ideas clearly, and how do you handle it?	생각을 짧고 분명하게 정리하는 것 때문에 어려움을 느낄 때가 있다면, 보통 어떻게 해결하는지 설명해 주세요.
192	prompt-problem-1126	B	Problem Solving	Following Instructions	Describe a problem you sometimes have with following instructions the first time and explain what you do about it.	한 번에 지시를 제대로 이해하는 것 때문에 생기는 문제 한 가지를 설명하고, 어떻게 대처하는지 말해 주세요.
193	prompt-problem-1127	B	Problem Solving	Patience in Long Lines	When staying patient in slow lines becomes difficult, what do you usually do to manage it?	줄이 길 때 참는 것이(가) 특히 어렵게 느껴질 때, 보통 어떻게 관리하는지 설명해 주세요.
194	prompt-balance-1101	C	Balanced Opinion	Self Checkout Kiosks	What are the benefits and drawbacks of self-checkout kiosks, and what is your view?	무인 계산대의 장점과 단점을 말하고, 당신의 생각을 설명해 주세요.
195	prompt-balance-1102	C	Balanced Opinion	Open Plan Offices	Do you think open-plan offices are more helpful or harmful overall? Explain both sides and give your opinion.	개방형 사무실이(가) 대체로 도움이 된다고 생각하는지, 아니면 해가 된다고 생각하는지 양쪽 입장을 함께 설명해 주세요.
196	prompt-balance-1103	C	Balanced Opinion	Reusable Packaging Rules	What do you see as the strengths and weaknesses of reusable packaging rules, and which side seems stronger to you?	재사용 포장 규칙의 강점과 약점을 어떻게 보는지, 그리고 어느 쪽이 더 크다고 느끼는지 말해 주세요.
197	prompt-balance-1104	C	Balanced Opinion	Subscription Services	What are the benefits and drawbacks of subscription services, and what is your view?	구독 서비스의 장점과 단점을 말하고, 당신의 생각을 설명해 주세요.
198	prompt-balance-1105	C	Balanced Opinion	Online Petitions	Do you think online petitions are more helpful or harmful overall? Explain both sides and give your opinion.	온라인 청원이(가) 대체로 도움이 된다고 생각하는지, 아니면 해가 된다고 생각하는지 양쪽 입장을 함께 설명해 주세요.
199	prompt-balance-1106	C	Balanced Opinion	Smart Home Devices	What do you see as the strengths and weaknesses of smart home devices, and which side seems stronger to you?	스마트 홈 기기의 강점과 약점을 어떻게 보는지, 그리고 어느 쪽이 더 크다고 느끼는지 말해 주세요.
200	prompt-balance-1107	C	Balanced Opinion	School Rankings	What are the benefits and drawbacks of school rankings, and what is your view?	학교 순위 공개의 장점과 단점을 말하고, 당신의 생각을 설명해 주세요.
201	prompt-balance-1108	C	Balanced Opinion	Cashless School Cafeterias	Do you think cashless school cafeterias are more helpful or harmful overall? Explain both sides and give your opinion.	현금 없는 학교 매점이(가) 대체로 도움이 된다고 생각하는지, 아니면 해가 된다고 생각하는지 양쪽 입장을 함께 설명해 주세요.
202	prompt-balance-1109	C	Balanced Opinion	Pet Friendly Offices	What do you see as the strengths and weaknesses of pet-friendly offices, and which side seems stronger to you?	반려동물 동반 사무실의 강점과 약점을 어떻게 보는지, 그리고 어느 쪽이 더 크다고 느끼는지 말해 주세요.
203	prompt-balance-1110	C	Balanced Opinion	Tourist Taxes	What are the benefits and drawbacks of tourist taxes, and what is your view?	관광세의 장점과 단점을 말하고, 당신의 생각을 설명해 주세요.
204	prompt-balance-1111	C	Balanced Opinion	Digital Textbooks	Do you think digital textbooks are more helpful or harmful overall? Explain both sides and give your opinion.	디지털 교과서이(가) 대체로 도움이 된다고 생각하는지, 아니면 해가 된다고 생각하는지 양쪽 입장을 함께 설명해 주세요.
205	prompt-balance-1112	C	Balanced Opinion	Neighborhood Security Cameras	What do you see as the strengths and weaknesses of neighborhood security cameras, and which side seems stronger to you?	동네 보안 카메라의 강점과 약점을 어떻게 보는지, 그리고 어느 쪽이 더 크다고 느끼는지 말해 주세요.
206	prompt-balance-1113	C	Balanced Opinion	Food Expiration Labels	What are the benefits and drawbacks of food expiration labels, and what is your view?	식품 유통기한 표시 방식의 장점과 단점을 말하고, 당신의 생각을 설명해 주세요.
207	prompt-balance-1114	C	Balanced Opinion	AI Customer Service	Do you think AI customer service is more helpful or harmful overall? Explain both sides and give your opinion.	AI 고객 응대이(가) 대체로 도움이 된다고 생각하는지, 아니면 해가 된다고 생각하는지 양쪽 입장을 함께 설명해 주세요.
208	prompt-balance-1115	C	Balanced Opinion	Bicycle Sharing Systems	What do you see as the strengths and weaknesses of bicycle sharing systems, and which side seems stronger to you?	공유 자전거 시스템의 강점과 약점을 어떻게 보는지, 그리고 어느 쪽이 더 크다고 느끼는지 말해 주세요.
209	prompt-balance-1116	C	Balanced Opinion	Coworking Spaces	What are the benefits and drawbacks of coworking spaces, and what is your view?	코워킹 스페이스의 장점과 단점을 말하고, 당신의 생각을 설명해 주세요.
210	prompt-balance-1117	C	Balanced Opinion	Four Day Workweeks	Do you think four-day workweeks are more helpful or harmful overall? Explain both sides and give your opinion.	주 4일 근무제이(가) 대체로 도움이 된다고 생각하는지, 아니면 해가 된다고 생각하는지 양쪽 입장을 함께 설명해 주세요.
211	prompt-balance-1118	C	Balanced Opinion	Location Sharing Among Friends	What do you see as the strengths and weaknesses of location sharing among friends, and which side seems stronger to you?	친구 사이 위치 공유의 강점과 약점을 어떻게 보는지, 그리고 어느 쪽이 더 크다고 느끼는지 말해 주세요.
212	prompt-balance-1119	C	Balanced Opinion	Electric Scooters in Cities	What are the benefits and drawbacks of electric scooters in cities, and what is your view?	도심 전동 킥보드의 장점과 단점을 말하고, 당신의 생각을 설명해 주세요.
213	prompt-balance-1120	C	Balanced Opinion	Live Stream Shopping	Do you think live-stream shopping is more helpful or harmful overall? Explain both sides and give your opinion.	라이브 커머스이(가) 대체로 도움이 된다고 생각하는지, 아니면 해가 된다고 생각하는지 양쪽 입장을 함께 설명해 주세요.
214	prompt-balance-1121	C	Balanced Opinion	Reusable Cup Deposit Programs	What do you see as the strengths and weaknesses of reusable cup deposit programs, and which side seems stronger to you?	다회용 컵 보증금 제도의 강점과 약점을 어떻게 보는지, 그리고 어느 쪽이 더 크다고 느끼는지 말해 주세요.
215	prompt-balance-1122	C	Balanced Opinion	Translation Apps for Travel	What are the benefits and drawbacks of translation apps for travel, and what is your view?	여행용 번역 앱의 장점과 단점을 말하고, 당신의 생각을 설명해 주세요.
216	prompt-balance-1123	C	Balanced Opinion	Meal Kit Services	Do you think meal kit services are more helpful or harmful overall? Explain both sides and give your opinion.	밀키트 서비스이(가) 대체로 도움이 된다고 생각하는지, 아니면 해가 된다고 생각하는지 양쪽 입장을 함께 설명해 주세요.
217	prompt-balance-1124	C	Balanced Opinion	Personal Data Rewards Programs	What do you see as the strengths and weaknesses of personal data rewards programs, and which side seems stronger to you?	개인정보 보상 프로그램의 강점과 약점을 어떻게 보는지, 그리고 어느 쪽이 더 크다고 느끼는지 말해 주세요.
218	prompt-balance-1125	C	Balanced Opinion	Automated Attendance Systems	What are the benefits and drawbacks of automated attendance systems, and what is your view?	자동 출결 시스템의 장점과 단점을 말하고, 당신의 생각을 설명해 주세요.
219	prompt-balance-1126	C	Balanced Opinion	Office Hot Desking	Do you think office hot-desking is more helpful or harmful overall? Explain both sides and give your opinion.	고정 좌석 없는 사무실이(가) 대체로 도움이 된다고 생각하는지, 아니면 해가 된다고 생각하는지 양쪽 입장을 함께 설명해 주세요.
220	prompt-balance-1127	C	Balanced Opinion	Second Screen Viewing Habits	What do you see as the strengths and weaknesses of second-screen viewing habits, and which side seems stronger to you?	영상을 보며 다른 화면을 함께 쓰는 습관의 강점과 약점을 어떻게 보는지, 그리고 어느 쪽이 더 크다고 느끼는지 말해 주세요.
221	prompt-opinion-1101	C	Opinion Reason	Neighborhood Parks	What role should neighborhood parks play in modern society?	현대 사회에서 동네 공원에 기대하는 역할은 무엇인지 말해 주세요.
222	prompt-opinion-1102	C	Opinion Reason	Public Museums	What responsibilities should public museums have in the community today?	오늘날 지역사회에서 공공 박물관이(가) 가져야 할 책임은 무엇이라고 생각하는지 설명해 주세요.
223	prompt-opinion-1103	C	Opinion Reason	Local Bookstores	In your opinion, what should local bookstores do for people in modern society?	현대 사회에서 동네 서점이(가) 사람들을 위해 어떤 일을 해야 한다고 생각하는지 말해 주세요.
224	prompt-opinion-1104	C	Opinion Reason	Universities	What role should universities play in modern society?	현대 사회에서 대학교에 기대하는 역할은 무엇인지 말해 주세요.
225	prompt-opinion-1105	C	Opinion Reason	Local News Outlets	What responsibilities should local news outlets have in the community today?	오늘날 지역사회에서 지역 뉴스 매체이(가) 가져야 할 책임은 무엇이라고 생각하는지 설명해 주세요.
226	prompt-opinion-1106	C	Opinion Reason	Convenience Stores	In your opinion, what should convenience stores do for people in modern society?	현대 사회에서 편의점이(가) 사람들을 위해 어떤 일을 해야 한다고 생각하는지 말해 주세요.
227	prompt-opinion-1107	C	Opinion Reason	Sports Clubs for Teenagers	What role should sports clubs for teenagers play in modern society?	현대 사회에서 청소년 스포츠 클럽에 기대하는 역할은 무엇인지 말해 주세요.
228	prompt-opinion-1108	C	Opinion Reason	Public Health Campaigns	What responsibilities should public health campaigns have in the community today?	오늘날 지역사회에서 공공 보건 캠페인이(가) 가져야 할 책임은 무엇이라고 생각하는지 설명해 주세요.
229	prompt-opinion-1109	C	Opinion Reason	Companies Using AI	In your opinion, what should companies using AI do for people in modern society?	현대 사회에서 AI를 활용하는 기업이(가) 사람들을 위해 어떤 일을 해야 한다고 생각하는지 말해 주세요.
230	prompt-opinion-1110	C	Opinion Reason	Animal Shelters	What role should animal shelters play in modern society?	현대 사회에서 동물 보호소에 기대하는 역할은 무엇인지 말해 주세요.
231	prompt-opinion-1111	C	Opinion Reason	Public Broadcasters	What responsibilities should public broadcasters have in the community today?	오늘날 지역사회에서 공영 방송이(가) 가져야 할 책임은 무엇이라고 생각하는지 설명해 주세요.
232	prompt-opinion-1112	C	Opinion Reason	Community Centers	In your opinion, what should community centers do for people in modern society?	현대 사회에서 주민 센터이(가) 사람들을 위해 어떤 일을 해야 한다고 생각하는지 말해 주세요.
233	prompt-opinion-1113	C	Opinion Reason	Local Farmers Markets	What role should local farmers' markets play in modern society?	현대 사회에서 지역 농산물 시장에 기대하는 역할은 무엇인지 말해 주세요.
234	prompt-opinion-1114	C	Opinion Reason	After School Programs	What responsibilities should after-school programs have in the community today?	오늘날 지역사회에서 방과 후 프로그램이(가) 가져야 할 책임은 무엇이라고 생각하는지 설명해 주세요.
235	prompt-opinion-1115	C	Opinion Reason	Train Stations	In your opinion, what should train stations do for people in modern society?	현대 사회에서 기차역이(가) 사람들을 위해 어떤 일을 해야 한다고 생각하는지 말해 주세요.
236	prompt-opinion-1116	C	Opinion Reason	City Bike Systems	What role should city bike systems play in modern society?	현대 사회에서 공공 자전거 시스템에 기대하는 역할은 무엇인지 말해 주세요.
237	prompt-opinion-1117	C	Opinion Reason	Employers Offering Internships	What responsibilities should employers offering internships have in the community today?	오늘날 지역사회에서 인턴십을 제공하는 기업이(가) 가져야 할 책임은 무엇이라고 생각하는지 설명해 주세요.
238	prompt-opinion-1118	C	Opinion Reason	Restaurants Reducing Food Waste	In your opinion, what should restaurants reducing food waste do for people in modern society?	현대 사회에서 음식물 쓰레기를 줄이려는 식당이(가) 사람들을 위해 어떤 일을 해야 한다고 생각하는지 말해 주세요.
239	prompt-opinion-1119	C	Opinion Reason	Schools Teaching Online Safety	What role should schools teaching online safety play in modern society?	현대 사회에서 온라인 안전을 가르치는 학교에 기대하는 역할은 무엇인지 말해 주세요.
240	prompt-opinion-1120	C	Opinion Reason	Heat Shelter Programs	What responsibilities should local governments running heat shelters have in the community today?	오늘날 지역사회에서 폭염 쉼터를 운영하는 지방자치단체이(가) 가져야 할 책임은 무엇이라고 생각하는지 설명해 주세요.
241	prompt-opinion-1121	C	Opinion Reason	Cultural Festivals	In your opinion, what should cultural festivals do for people in modern society?	현대 사회에서 문화 축제이(가) 사람들을 위해 어떤 일을 해야 한다고 생각하는지 말해 주세요.
242	prompt-opinion-1122	C	Opinion Reason	Volunteer Matching Platforms	What role should volunteer matching platforms play in modern society?	현대 사회에서 봉사활동 연결 플랫폼에 기대하는 역할은 무엇인지 말해 주세요.
243	prompt-opinion-1123	C	Opinion Reason	Apartment Recycling Rooms	What responsibilities should apartment recycling rooms have in the community today?	오늘날 지역사회에서 아파트 분리수거 공간이(가) 가져야 할 책임은 무엇이라고 생각하는지 설명해 주세요.
244	prompt-opinion-1124	C	Opinion Reason	Community Gardens	In your opinion, what should community gardens do for people in modern society?	현대 사회에서 공동체 정원이(가) 사람들을 위해 어떤 일을 해야 한다고 생각하는지 말해 주세요.
245	prompt-opinion-1125	C	Opinion Reason	Senior Centers	What role should senior centers play in modern society?	현대 사회에서 노인 복지관에 기대하는 역할은 무엇인지 말해 주세요.
246	prompt-opinion-1126	C	Opinion Reason	Public Swimming Pools	What responsibilities should public swimming pools have in the community today?	오늘날 지역사회에서 공공 수영장이(가) 가져야 할 책임은 무엇이라고 생각하는지 설명해 주세요.
247	prompt-opinion-1127	C	Opinion Reason	Neighborhood Clinics	In your opinion, what should neighborhood clinics do for people in modern society?	현대 사회에서 동네 의원이(가) 사람들을 위해 어떤 일을 해야 한다고 생각하는지 말해 주세요.
248	prompt-reflection-1101	C	Change Reflection	Competition	How has your view of competition changed over time, and why?	경쟁에 대한 생각이 시간이 지나며 어떻게 바뀌었는지, 그리고 그 이유를 설명해 주세요.
249	prompt-reflection-1102	C	Change Reflection	Taking Breaks	How has your understanding of taking breaks changed as you have grown, and what influenced that change?	살아오면서 쉬는 것에 대한 이해가 어떻게 달라졌는지, 그리고 무엇이 그 변화를 만들었는지 말해 주세요.
250	prompt-reflection-1103	C	Change Reflection	Living Alone	Tell me how your opinion of living alone has changed over time and explain why.	혼자 사는 것에 대한 생각이 예전과 어떻게 달라졌는지, 그리고 왜 바뀌었는지 이야기해 주세요.
251	prompt-reflection-1104	C	Change Reflection	Networking	How has your view of networking changed over time, and why?	인맥 만들기에 대한 생각이 시간이 지나며 어떻게 바뀌었는지, 그리고 그 이유를 설명해 주세요.
252	prompt-reflection-1105	C	Change Reflection	Small Talk	How has your understanding of small talk changed as you have grown, and what influenced that change?	살아오면서 가벼운 대화에 대한 이해가 어떻게 달라졌는지, 그리고 무엇이 그 변화를 만들었는지 말해 주세요.
253	prompt-reflection-1106	C	Change Reflection	Asking for Help	Tell me how your opinion of asking for help has changed over time and explain why.	도움 요청에 대한 생각이 예전과 어떻게 달라졌는지, 그리고 왜 바뀌었는지 이야기해 주세요.
254	prompt-reflection-1107	C	Change Reflection	Productivity	How has your view of productivity changed over time, and why?	생산성에 대한 생각이 시간이 지나며 어떻게 바뀌었는지, 그리고 그 이유를 설명해 주세요.
255	prompt-reflection-1108	C	Change Reflection	Boredom	How has your understanding of boredom changed as you have grown, and what influenced that change?	살아오면서 지루함에 대한 이해가 어떻게 달라졌는지, 그리고 무엇이 그 변화를 만들었는지 말해 주세요.
256	prompt-reflection-1109	C	Change Reflection	Fashion	Tell me how your opinion of fashion has changed over time and explain why.	옷차림에 대한 생각이 예전과 어떻게 달라졌는지, 그리고 왜 바뀌었는지 이야기해 주세요.
257	prompt-reflection-1110	C	Change Reflection	Time Spent Alone	How has your view of time spent alone changed over time, and why?	혼자 보내는 시간에 대한 생각이 시간이 지나며 어떻게 바뀌었는지, 그리고 그 이유를 설명해 주세요.
258	prompt-reflection-1111	C	Change Reflection	Exercise	How has your understanding of exercise changed as you have grown, and what influenced that change?	살아오면서 운동에 대한 이해가 어떻게 달라졌는지, 그리고 무엇이 그 변화를 만들었는지 말해 주세요.
259	prompt-reflection-1112	C	Change Reflection	Online Classes	Tell me how your opinion of online classes has changed over time and explain why.	온라인 수업에 대한 생각이 예전과 어떻게 달라졌는지, 그리고 왜 바뀌었는지 이야기해 주세요.
260	prompt-reflection-1113	C	Change Reflection	Keeping a Diary	How has your view of keeping a diary changed over time, and why?	일기 쓰기에 대한 생각이 시간이 지나며 어떻게 바뀌었는지, 그리고 그 이유를 설명해 주세요.
261	prompt-reflection-1114	C	Change Reflection	Neighborhood Life	How has your understanding of neighborhood life changed as you have grown, and what influenced that change?	살아오면서 동네 생활에 대한 이해가 어떻게 달라졌는지, 그리고 무엇이 그 변화를 만들었는지 말해 주세요.
262	prompt-reflection-1115	C	Change Reflection	Routines	Tell me how your opinion of routines has changed over time and explain why.	루틴에 대한 생각이 예전과 어떻게 달라졌는지, 그리고 왜 바뀌었는지 이야기해 주세요.
263	prompt-reflection-1116	C	Change Reflection	Mistakes	How has your view of mistakes changed over time, and why?	실수에 대한 생각이 시간이 지나며 어떻게 바뀌었는지, 그리고 그 이유를 설명해 주세요.
264	prompt-reflection-1117	C	Change Reflection	Receiving Feedback	How has your understanding of receiving feedback changed as you have grown, and what influenced that change?	살아오면서 피드백 받기에 대한 이해가 어떻게 달라졌는지, 그리고 무엇이 그 변화를 만들었는지 말해 주세요.
265	prompt-reflection-1118	C	Change Reflection	Spending Weekends	Tell me how your opinion of spending weekends has changed over time and explain why.	주말 보내는 방식에 대한 생각이 예전과 어떻게 달라졌는지, 그리고 왜 바뀌었는지 이야기해 주세요.
266	prompt-reflection-1119	C	Change Reflection	Owning Fewer Things	How has your view of owning fewer things changed over time, and why?	물건을 적게 갖는 삶에 대한 생각이 시간이 지나며 어떻게 바뀌었는지, 그리고 그 이유를 설명해 주세요.
267	prompt-reflection-1120	C	Change Reflection	Being Punctual	How has your understanding of being punctual changed as you have grown, and what influenced that change?	살아오면서 시간 약속에 대한 이해가 어떻게 달라졌는지, 그리고 무엇이 그 변화를 만들었는지 말해 주세요.
268	prompt-reflection-1121	C	Change Reflection	Teamwork	Tell me how your opinion of teamwork has changed over time and explain why.	팀워크에 대한 생각이 예전과 어떻게 달라졌는지, 그리고 왜 바뀌었는지 이야기해 주세요.
269	prompt-reflection-1122	C	Change Reflection	Privacy	How has your view of privacy changed over time, and why?	사생활에 대한 생각이 시간이 지나며 어떻게 바뀌었는지, 그리고 그 이유를 설명해 주세요.
270	prompt-reflection-1123	C	Change Reflection	Living Close to Work or School	How has your understanding of living close to work or school changed as you have grown, and what influenced that change?	살아오면서 직장이나 학교 가까이에 사는 것에 대한 이해가 어떻게 달라졌는지, 그리고 무엇이 그 변화를 만들었는지 말해 주세요.
271	prompt-reflection-1124	C	Change Reflection	Cooking at Home	Tell me how your opinion of cooking at home has changed over time and explain why.	집에서 요리하는 것에 대한 생각이 예전과 어떻게 달라졌는지, 그리고 왜 바뀌었는지 이야기해 주세요.
272	prompt-reflection-1125	C	Change Reflection	Public Speaking	How has your view of public speaking changed over time, and why?	사람들 앞에서 말하는 것에 대한 생각이 시간이 지나며 어떻게 바뀌었는지, 그리고 그 이유를 설명해 주세요.
273	prompt-reflection-1126	C	Change Reflection	Part Time Jobs	How has your understanding of part-time jobs changed as you have grown, and what influenced that change?	살아오면서 아르바이트에 대한 이해가 어떻게 달라졌는지, 그리고 무엇이 그 변화를 만들었는지 말해 주세요.
274	prompt-reflection-1127	C	Change Reflection	Planning Ahead	Tell me how your opinion of planning ahead has changed over time and explain why.	미리 계획하는 것에 대한 생각이 예전과 어떻게 달라졌는지, 그리고 왜 바뀌었는지 이야기해 주세요.
275	prompt-general-1101	C	General	Neighborhood Festival	Describe a neighborhood festival you enjoy and explain why it matters to you.	좋아하는 동네 축제에 대해 설명하고, 왜 당신에게 의미 있는지 말해 주세요.
276	prompt-general-1102	C	General	Small Desk Item	Tell me about a small desk item you use every day and explain why it feels meaningful to you.	매일 쓰는 작은 책상 위 물건에 대해 말하고, 왜 의미 있게 느껴지는지 설명해 주세요.
277	prompt-general-1103	C	General	Bus Route	Describe a bus route you know well that stands out to you and explain why it has stayed in your memory.	당신에게 특히 기억에 남는 익숙한 버스 노선을 설명하고, 왜 또렷이 기억하는지 말해 주세요.
278	prompt-general-1104	C	General	Keepsake Gift	Describe a gift you still keep and explain why it matters to you.	아직 간직하고 있는 선물에 대해 설명하고, 왜 당신에게 의미 있는지 말해 주세요.
279	prompt-general-1105	C	General	Favorite Corner of Your Room	Tell me about a corner of your room you like and explain why it feels meaningful to you.	마음에 드는 방 한쪽 공간에 대해 말하고, 왜 의미 있게 느껴지는지 설명해 주세요.
280	prompt-general-1106	C	General	Local Bridge or Walkway	Describe a local bridge or walkway you like crossing that stands out to you and explain why it has stayed in your memory.	당신에게 특히 기억에 남는 자주 건너는 동네 다리나 길을 설명하고, 왜 또렷이 기억하는지 말해 주세요.
281	prompt-general-1107	C	General	Study Playlist	Describe a playlist you use for studying and explain why it matters to you.	공부할 때 듣는 플레이리스트에 대해 설명하고, 왜 당신에게 의미 있는지 말해 주세요.
282	prompt-general-1108	C	General	Meal You Learned to Cook	Tell me about a meal you learned to cook yourself and explain why it feels meaningful to you.	스스로 배워 만든 요리에 대해 말하고, 왜 의미 있게 느껴지는지 설명해 주세요.
283	prompt-general-1109	C	General	Cafe You Revisit	Describe a cafe you revisit often that stands out to you and explain why it has stayed in your memory.	당신에게 특히 기억에 남는 자주 다시 가는 카페을 설명하고, 왜 또렷이 기억하는지 말해 주세요.
284	prompt-general-1110	C	General	Family Photo	Describe a family photo you remember well and explain why it matters to you.	오래 기억에 남는 가족 사진에 대해 설명하고, 왜 당신에게 의미 있는지 말해 주세요.
285	prompt-general-1111	C	General	Useful Phone Feature	Tell me about a phone feature you rely on and explain why it feels meaningful to you.	자주 의지하는 휴대폰 기능에 대해 말하고, 왜 의미 있게 느껴지는지 설명해 주세요.
286	prompt-general-1112	C	General	Notebook You Carry	Describe a notebook you carry around that stands out to you and explain why it has stayed in your memory.	당신에게 특히 기억에 남는 들고 다니는 노트을 설명하고, 왜 또렷이 기억하는지 말해 주세요.
287	prompt-general-1113	C	General	Desk Object	Describe an object that stays on your desk and explain why it matters to you.	늘 책상 위에 있는 물건에 대해 설명하고, 왜 당신에게 의미 있는지 말해 주세요.
288	prompt-general-1114	C	General	Volunteer Event	Tell me about a volunteer event you joined and explain why it feels meaningful to you.	참여해 본 봉사활동에 대해 말하고, 왜 의미 있게 느껴지는지 설명해 주세요.
289	prompt-general-1115	C	General	Favorite Discussion Topic	Describe a topic you enjoy talking about that stands out to you and explain why it has stayed in your memory.	당신에게 특히 기억에 남는 이야기하기 좋아하는 주제을 설명하고, 왜 또렷이 기억하는지 말해 주세요.
290	prompt-general-1116	C	General	Old Jacket or Coat	Describe an old jacket or coat you still wear and explain why it matters to you.	아직 입는 오래된 겉옷에 대해 설명하고, 왜 당신에게 의미 있는지 말해 주세요.
291	prompt-general-1117	C	General	Market Stall	Tell me about a market stall you like visiting and explain why it feels meaningful to you.	가기 좋아하는 시장 가판대에 대해 말하고, 왜 의미 있게 느껴지는지 설명해 주세요.
292	prompt-general-1118	C	General	Rainy Day Sound	Describe a rainy-day sound you like that stands out to you and explain why it has stayed in your memory.	당신에게 특히 기억에 남는 비 오는 날 좋아하는 소리을 설명하고, 왜 또렷이 기억하는지 말해 주세요.
293	prompt-general-1119	C	General	Window View	Describe a view from a window you remember and explain why it matters to you.	기억에 남는 창밖 풍경에 대해 설명하고, 왜 당신에게 의미 있는지 말해 주세요.
294	prompt-general-1120	C	General	Community Class	Tell me about a community class you found useful and explain why it feels meaningful to you.	도움이 되었던 지역 수업에 대해 말하고, 왜 의미 있게 느껴지는지 설명해 주세요.
295	prompt-general-1121	C	General	Plant You Care For	Describe a plant you take care of that stands out to you and explain why it has stayed in your memory.	당신에게 특히 기억에 남는 직접 돌보는 식물을 설명하고, 왜 또렷이 기억하는지 말해 주세요.
296	prompt-general-1122	C	General	Childhood Snack	Describe a childhood snack you still like and explain why it matters to you.	아직 좋아하는 어린 시절 간식에 대해 설명하고, 왜 당신에게 의미 있는지 말해 주세요.
297	prompt-general-1123	C	General	Nearby River Path	Tell me about a nearby river path or street you know well and explain why it feels meaningful to you.	잘 아는 강변길이나 골목길에 대해 말하고, 왜 의미 있게 느껴지는지 설명해 주세요.
298	prompt-general-1124	C	General	Recipe from Home	Describe a recipe from your home that stands out to you and explain why it has stayed in your memory.	당신에게 특히 기억에 남는 집에서 자주 먹던 레시피을 설명하고, 왜 또렷이 기억하는지 말해 주세요.
299	prompt-general-1125	C	General	Second Hand Item	Describe a second-hand item you bought and explain why it matters to you.	중고로 산 물건에 대해 설명하고, 왜 당신에게 의미 있는지 말해 주세요.
300	prompt-general-1126	C	General	Neighborhood Shortcut	Tell me about a shortcut in your neighborhood and explain why it feels meaningful to you.	동네에서 자주 쓰는 지름길에 대해 말하고, 왜 의미 있게 느껴지는지 설명해 주세요.
